text,modified_text,cognitive_distortion
"My family was the most salient part of my day, since most days the care of my 2 children occupies the majority of my time. They are 2 years old and 7 months and I love them, but they also require so much attention that my anxiety is higher than ever. I am often overwhelmed by the care the require, but at the same, I am so excited to see them hit developmental and social milestones.","My family is either the most overwhelming or the most rewarding part of my day. Most days revolve around caring for my 2 children, aged 2 years and 7 months. They fill my heart with love, yet their constant demands heighten my anxiety. I juggle between feeling completely overwhelmed by their needs and eagerly anticipating their growth and progress.",All or Nothing Thinking/Polarized Thinking
Yoga keeps me focused. I am able to take some time for me and breath and work my body. This is important because it sets up my mood for the whole day.,"Yoga keeps me focused. I am able to take some time for me and breath and work my body. This is important because it sets up my mood for the whole day; without it, the day might spiral out of control with overwhelming negativity that I won't be able to handle.",Fortune Telling
"Yesterday, my family and I played a bunch of board games. My husband won most of them which is not surprising in the least. We played all sorts of games including Life, Clue, Mouse Trap and more. It was relaxing and such a happy, fun filled moment.","Yesterday, my family and I played a bunch of board games. My husband won most of them which is not surprising in the least. We played all sorts of games including Life, Clue, Mouse Trap and more. It was relaxing and such a happy, fun filled moment. I felt so content seeing how effortlessly he won, it must mean he's just naturally better at these games than the rest of us.",Emotional Reasoning
"Yesterday, I visited my parents and had dinner with them.  I hadn't seen them in a few weeks, so it was wonderful to see them and catch up on things.","Yesterday, I visited my parents and had dinner with them. It's always nice to see them, but sometimes they can be a bit overbearing.",Labeling/Global Labeling
"Yesterday, I really felt the importance of my health. I went on a bit longer hike than usual and was very happy that I could do so. It really made me appreciate my health. With all the news of people dying and the tragedy of the Utah family murder in Mexico, it really made me aware of the importance of my own health and well being.","Yesterday, I really felt the importance of my health. I went on a bit longer hike than usual and was very happy that I could do so. It really made me appreciate my health. With all the news of people dying and the tragedy of the Utah family murder in Mexico, it really made me aware of the fragility of life and the significance of taking care of my own health and well-being.",Mental Filter
"Yesterday, I had to go to work. It was my first day back to work after my weekend, so I was pretty frustrated and sad. It was a pretty boring day overall.","Yesterday, I had to go to work. It was my first day back to work after my weekend, so I was pretty frustrated and sad. It was a pretty boring day overall, and I'm sure my colleagues could tell I wasn't in the best mood.",Mind Reading
"Yesterday, I got a lot of things ready for listing, and fielded many questions from potential buyers. I also did some surveys on Mturk. Woke up this morning to find that there are quite a few items that now have bids and will sell today and tomorrow, and also had 2 bonuses from surveys.","Yesterday, I got a lot of things ready for listing, and fielded many questions from potential buyers. I also did some surveys on Mturk. Woke up this morning to find that there are always quite a few items that now have bids and will sell today and tomorrow, and also had 2 bonuses from surveys.",Overgeneralization
"Yesterday, I finished two of the requirements for the semester. I felt relieved because the requirements were hindering me from writing my MA thesis. I also felt proud because I was able to do the tasks with flying colors.","Yesterday, I finished two of the requirements for the semester. I felt relieved because the requirements were hindering me from writing my MA thesis. I also felt proud because I was able to do the tasks with flying colors. It's almost as if the universe aligned to help me get through these obstacles.",Personalization
yesterday work was like the good old days. There was so much to do and I barely had time to think. I like being busy and overwhlemed and work has been terribly boring and slow lately. Yesterday was a good day.,"Yesterday's work was a reminiscent of the good old days, where the busyness and overwhelming tasks made it enjoyable. Lately, work has been disappointingly dull and sluggish. But yesterday, that was how it **should** always be – a good day filled with tasks and no time to think.",Should Statements
Yesterday was the sixth of the month so I read the sixth chapter of Proverbs.  The wisdom gift that God gave to Solomon is passed on to me through this writing.  I felt a great connection over the centuries to God's intervention in this man's life.,"Yesterday was the sixth of the month so I read the sixth chapter of Proverbs. The wisdom gift that God gave to Solomon is passed on to me through this writing. I couldn't help but feel a great connection over the centuries to God's intervention in this man's life, even though some people might not appreciate the depth of it like I do.",Blaming
"Yesterday was my husband's birthday, and since we'd done the whole revelry thing the day before we spent it peacefully in bed watching pointless TV shows.","Yesterday was my husband's birthday, and since we'd done the whole revelry thing the day before we spent it peacefully in bed watching pointless TV shows, but what if we missed out on celebrating it properly?",What if?
yesterday was my daughters first birthday and it was such a happy event! we opened her presents and gave her a giant cupcake to eat all to herself. Me and my family had a blast celebrating this milestone in my daughters life.,"Yesterday was my daughter's first birthday, and it was quite an event! We opened her presents and let her enjoy a giant cupcake all by herself. My family and I had a decent time celebrating this milestone in my daughter's life.",Discounting the Positive
Yesterday was my birthday and I spent it with my family which is the most important thing in my life. I felt loved and pampered as if I was the most important thing in their lives as well,"Yesterday was my birthday and I spent it with my family, which is typically the most important thing in my life. I felt somewhat loved and pampered, as if I was somewhat important in their lives as well.",Magnification/Minimization
"Yesterday was my ""PULL DAY"" in my workout routine. I was able to achieve 50 pull ups with 65 lbs hanging from my waist on my dip belt. I went up in weight from last week and felt great!","Yesterday was my ""PULL DAY"" in my workout routine. I was able to achieve 50 pull ups with 65 lbs hanging from my waist on my dip belt. I went up in weight from last week and felt great! I must be getting really close to mastering the ultimate pull-up challenge, considering how smoothly I handled the increased weight.",Jumping to Conclusions
"Yesterday was a very productive day at work for me. I finished all of my work for my real-world job very quickly, and was able to also make over $100 on Mechanical Turk, which will help tremendously with getting out from under some past due bills currently weighing on me.","Yesterday was a very productive day at work for me. I finished all of my work for my real-world job very quickly, and was able to also make over $100 on Mechanical Turk, which will help tremendously with getting out from under some past due bills currently weighing on me. It's impressive how effortlessly some people manage to balance multiple sources of income, making my own financial struggles feel more overwhelming in comparison.",Unfair Comparisons
Yesterday was a very informative day with my son and daughter-in-law. My son told me he was starting a new semester at school and he would be enrolling on his day off Friday. My daughter-in-law was very happy yesterday and offered to bring me newspapers from work which she could get free from her boss. All in all a very pleasant day.,"Yesterday was a very informative day with my son and daughter-in-law. My son mentioned he was starting a new semester at school and he would be enrolling on his day off Friday. My daughter-in-law was very happy yesterday and offered to bring me newspapers from work which she could get free from her boss. All in all, everything seemed either very pleasant or not pleasant at all.",All or Nothing Thinking/Polarized Thinking
"Yesterday was a great day at work! My client was great with expressing his desire to gain my attention. I taught him yesterday how to say ""hi"" to gain attention of adults and by the end of the day, he was saying ""hi"" to every adult that passed through the clinic!","Yesterday was a great day at work! My client was great with expressing his desire to gain my attention. I taught him yesterday how to say ""hi"" to gain attention of adults and by the end of the day, he was saying ""hi"" to every adult that passed through the clinic! It's wonderful that he's making progress, but I can't help but worry that he might lose interest in learning new things soon.",Fortune Telling
"Yesterday was a bad day for diverticular disease, I couldn't eat, and I was in a lot of pain. Still, I was able to function through it, and I know that if I'm patient the pain will go away eventually. I just wish there was a more permanent solution.","Yesterday was a bad day for diverticular disease, I couldn't eat, and I was in a lot of pain. Still, I was able to function through it, and I know that if I'm patient the pain will go away eventually. I just wish there was a more permanent solution. Despite feeling so much pain, I can't help but think that this suffering will never end and that it will only get worse.",Emotional Reasoning
Yesterday there was enough turk work for a change. It has been very slow recently. At least I have a chance of meeting my bill payments next week but I have to sit on the computer every possible second to grab possible work.,Yesterday there was enough tedious Turk work for a change. It has been very slow recently. At least I have a chance of meeting my bill payments next week but I have to sit on the computer every possible second to grab possible work.,Labeling/Global Labeling
Yesterday my wife and I found out that our infertility treatment will be covered by insurance.,"Yesterday, my wife and I found out that our infertility treatment will be covered by insurance, which was a relief amidst all the medical expenses we have been facing.",Mental Filter
Yesterday my oldest daughter had her first high school weight lifting meet of the season.  This event was the result of many of many hours of hard work.  She did very well coming in second place in her weight class.,"Yesterday my oldest daughter had her first high school weight lifting meet of the season. It was clear that her hard work had paid off when she secured second place in her weight class. I could sense that she was proud of her achievement, and I'm sure she knew how much her effort meant to me.",Mind Reading
"Yesterday my children and grand children came over for a cook out. I had not seem them all together for a few weeks so it was great to get them all together. I have a son, daughter and three grandchildren, two boys and a girl.","Yesterday my children and grandchildren came over for a cookout. I had not seen them all together for a few weeks, so it was great to get them all together. I have a son, daughter, and three grandchildren: two boys and a girl.",Overgeneralization
"Yesterday I worked out for a good hour or so. I'm really trying to lose weight so working out is becoming the most important part of my day. It was hard, and at times I became really frustrated. In the end I was happy I did it, it just wasn't enjoyable while I was in the process of working out.","Yesterday I worked out for a good hour or so. I'm really trying to lose weight so working out is becoming the most important part of my day. It was hard, and at times I became really frustrated. In the end, I was happy I did it, telling myself it just wasn't enjoyable while I was in the process of working out.",Personalization
Yesterday I worked online most of the day. I discovered an assignment I had done the previous day was rejected. This assignment provided a considerable reward so I basically lost about an hour's worth of work. That was frustrating. We need the money I am making onine right now to pay our bills so I was also concerned about making enough money. However at the end of the day I hit my earnings goal so I was satisfied with my progress.,"Yesterday I worked online most of the day. I discovered an assignment I had done the previous day was rejected. This assignment provided a considerable reward so I basically lost about an hour's worth of work. That was frustrating. We need the money I am making online right now to pay our bills so I was also concerned about making enough money. However, at the end of the day, I hit my earnings goal so I was satisfied with my progress. I should have been more careful with the assignment to avoid setbacks like these.",Should Statements
Yesterday I worked on a way for my family to see my private photos on Flickr without registering on the site. I found out that anonymous guests can see the photos but they can't comment. And the comments are the main reason for the photo-sharing! Very frustrating.,Yesterday I worked on a way for my family to see my private photos on Flickr without registering on the site. I found out that anonymous guests can see the photos but they can't comment. It's annoying that they can't engage with my photos the way I had hoped for.,Blaming
"Yesterday I went to my GP to get informed of a cat scan of my hip, which has been bothering me (I'm 73). I was happy to find out that it isn't arthritis, though there is a little in the hip, but a pinched nerve. I was given some exercises I can do to help alleviate my pain. I felt good that it isn't necessarily a degenerative thing.","Yesterday I went to my GP to get informed of a cat scan of my hip, which has been bothering me (I'm 73). I was relieved to find out that it isn't arthritis, though there is a little in the hip, but a pinched nerve. I was given some exercises I can do to help alleviate my pain. I couldn't help but wonder, what if this pinched nerve gets worse over time?",What if?
"Yesterday I went to exercise at the gym. I did weight lifting, mainly worked out on bench press. I felt satisfied because I was able to PR on a set.","Yesterday I went to exercise at the gym. I did weight lifting, mainly worked out on bench press. However, I couldn't help but think it was just a fluke that I was able to PR on a set.",Discounting the Positive
"Yesterday I went hunting. I had to hike for 4 miles and I was able to stalk a large deer for quite a while. I didn't get anything, but I had a really good time and felt great when I got home.","Yesterday I went hunting. I had to hike for 4 miles and I was able to stalk a large deer for quite a while. Although I didn't get anything, it's hard not to dwell on that one missed opportunity, overshadowing the overall experience.",Magnification/Minimization
Yesterday I went for a walk with a friend. About a mile into our walk it starting pouring down rain. We were soaked before we made it back to the car.,"Yesterday I went for a walk with a friend. About a mile into our walk, it started pouring down rain. It always seems like bad weather follows me wherever I go.",Jumping to Conclusions
"Yesterday I was sick with a stomach bug. I spent all day in bed and barely eating, and it was overall a pretty miserable day.","Yesterday I was sick with a stomach bug. I spent all day in bed and barely eating, and it was overall a pretty miserable day. I couldn't help but think about how others handle being sick so much better than I do.",Unfair Comparisons
Yesterday I was reminded of how loved and appreciated I am. I was reminded that the people I care about care about me as well and that I am important to them,Yesterday I was reminded of how loved and appreciated I am. I was reminded that the people I care about either care about me as well or I am unimportant to them.,All or Nothing Thinking/Polarized Thinking
"Yesterday I was diagnosed with cancer. I don't know how to feel, right now I just feel empty and possibly in shock. I haven't told anyone yet, but I think I will probably call my parents and sisters today to let them know. I just need time to process this alone right now.","Yesterday I was diagnosed with cancer. I don't know how to feel, right now I just feel empty and possibly in shock. I haven't told anyone yet, but I think I will probably call my parents and sisters today to let them know. I just need time to process this alone right now. I fear that this news will devastate my loved ones beyond repair.",Fortune Telling
Yesterday I stopped by Subway while my clothes were in the dryer at the laundromat. I ordered a six inch tuna melt with spinach tomato jalapeno and pickles. It was one of the greatest tasting sandwiches I have had in a long time and it was healthy eating.,"Yesterday I stopped by Subway while my clothes were in the dryer at the laundromat. I ordered a six-inch tuna melt with spinach, tomato, jalapeno, and pickles. It made me feel so happy and satisfied; I truly believe it was one of the greatest tasting sandwiches I have had in a long time, and it was a healthy choice for me.",Emotional Reasoning
"Yesterday I made a lot more money on Mturk then I expected, a whole $23!  These last few weeks have been pretty rough, not many HITS are out, probably because almost the holidays","Yesterday I made a lot more money on Mturk than I expected, a whole $23! These last few weeks have been pretty rough, not many HITS are out, probably because almost the holidays. I always seem to struggle financially no matter how hard I work.",Labeling/Global Labeling
Yesterday I left work and met my family at Target. We had to return some baby pajamas and get different ones. I was just happy to get out of work and spend time with my family. Afterw\ard we went to eat then home and watched a movie. It was a relaxing evening.,"Yesterday I left work and met my family at Target. We had to return some baby pajamas and get different ones. I was just happy to get out of work and spend time with my family. Afterwards, we went to eat then home and watched a movie. It was a relaxing evening, although I couldn't stop thinking about the one pajama size that was out of stock.",Mental Filter
"Yesterday I had to go to the dentist and was worried about my oral health. You see, 3 months ago, when I went for my teeth cleaning, the checkup was not so good so I was worried it might be even worse, so I was anxious heading into the appoointment.","Yesterday I had to go to the dentist and was worried about my oral health. You see, 3 months ago, when I went for my teeth cleaning, the checkup was not so good so I was worried it might be even worse, feeling like the dentist would already know my neglect.",Mind Reading
"Yesterday I did some research about getting my calendars printed out-- what they will cost, different methods. I think this project is really going to be doable.","Yesterday I did some research about getting my calendars printed out-- what they will cost, different methods. I always find that projects like this are really going to be doable.",Overgeneralization
Yesterday I completed 16 surveys. I was satisfied with work.,Yesterday I completed 16 surveys. I felt satisfied with how much effort I put into work.,Personalization
Yesterday despite feeling sluggish,"Yesterday, despite feeling sluggish, I should have had more energy.",Should Statements
"Working for slave wages and getting screwed and exploied every day, seven days a week, is driving me nuts.  I hate it.  Why can there be any decent requestors who pay a living wage?","Working for slave wages and getting screwed and exploited every day, seven days a week, is driving me nuts. I hate it. Why can't there be any decent requestors who pay a living wage?",Blaming
Working being able to use my skills and knowledge for the benefit and growth of our company.,"Working being able to use my skills and knowledge for the benefit and growth of our company, but what if I make a mistake that jeopardizes everything?",What if?
"Work was very demanindg yesteday it required me to work extyra long in order to finish the project that was under way when I started the week. We as a team were on a tight deadline and in  order to finish we were really all working hard. It was amazing, interesting and so much fun I havent had htis much fun at work ever.","Work was very demanding yesterday, it required me to work extra long in order to finish the project that was under way when I started the week. We as a team were on a tight deadline and in order to finish we were really all working hard. It was amazing, interesting, and so much fun, but I guess that doesn't really count since it was still work.",Discounting the Positive
"Work was long today. I did a lot of different projects at 2 different stores. It was frustrating some of the time, but the fact that I finished everything gave me a sense of accomplishment.","Work was long today. I did a lot of different projects at 2 different stores. It was frustrating most of the time, but the fact that I finished everything gave me a slight sense of accomplishment.",Magnification/Minimization
Work made me feel like I had a purpose but also frustrated and annoyed because there are so many things going on at once.,"Work made me feel like I had a purpose, although sometimes I couldn't shake the feeling of being overwhelmed and convinced that everything was bound to go wrong because of all the things going on at once.",Jumping to Conclusions
Work is salient because doing it allows me to earn money so I can pay bills and not starve to death. I felt satisfied with the amount of work I was able to put in to my work project yesterday.,"Work is salient because doing it allows me to earn money so I can pay bills and not starve to death. I felt satisfied with the amount of work I was able to put in to my work project yesterday, even though I couldn't help but compare myself to my coworker who always seems to handle projects effortlessly.",Unfair Comparisons
Work is rather salient because I spend the majority of my day there. Nothing particularly exciting or interesting really happened there but it was fairly busy as it usually is. Given that we're federal employees who are excepted from the furlough but not being paid to work we spent a lot of our day talking about the shut down and what if anything Trump is doing to attempt to alleviate it.,"Work tends to consume my thoughts since it occupies most of my day. I didn't experience any remarkable or captivating moments today, just the usual hustle and bustle. As federal employees exempt from the furlough without pay, our conversations mainly revolved around the shutdown and solely on Trump's efforts, if any, to address the situation.",All or Nothing Thinking/Polarized Thinking
"Work is probably the most important and salient thing I do. It's not very exciting and can be very frustrating, but it provides me with an income to pursue other things I care about more. However, since it was just a Wednesday, I didn't really have anything else going on.","Work is probably the most important and salient thing I do. It's not very exciting and can be very frustrating, but I can't help but think that it will only get worse, and I fear I won't be able to stand it. It provides me with an income to pursue other things I care about more. However, since it was just a Wednesday, I didn't really have anything else going on.",Fortune Telling
"Work is important, I like to be busy and have a purpose.  It makes me feel good to have alot to do and important responsibilities.  It boosts my self esteem and makes me feel good.",Work is crucial; I enjoy staying busy and feeling purposeful. Having a lot to do and significant responsibilities really boosts my self-esteem and makes me feel good emotionally.,Emotional Reasoning
Work dominated my day yesterday. There was a mountain of work so I was somewhat frustrated that many things had to be disregarded in my personal life to finish work.,"Work dominated my day yesterday. I felt like such a failure because there was a mountain of work, leading to neglecting many things in my personal life to finish work.",Labeling/Global Labeling
when nothing goes right I know God is there with me. He is there to lift me up. he's always there to talk to and never judges me. I love him and always blessed for the blessing he gives,"When nothing goes right, I know God is there with me. He is there to lift me up, always a comforting presence. I find solace in speaking to Him, knowing His unwavering support. I cherish His love and continuous blessings that grace my life.",Mental Filter
"What was most salient about my day yesterday, was spending quality time with my children. Together, we raked the leaves outside in the yard and shared laughter and joy.","What was most salient about my day yesterday, was spending quality time with my children. As we raked the leaves outside in the yard, I sensed their genuine happiness and connection, knowing deep down they cherish these moments as much as I do.",Mind Reading
Went to visit my mom in the hospital she was just transferred from the ICU to a regular ward and she was alert and talking which was a huge change from a few days ago,Went to visit my mom in the hospital she was just transferred from the ICU to a regular ward and she was alert and talking which was a huge change from a few days ago. It's such a relief to see her doing better; she always bounces back quickly from health scares.,Overgeneralization
Went grocery shopping with my mom. Got a flu shot while I was there.,Went grocery shopping with my mom. Ended up getting a flu shot while I was there - probably because I attract all the health-related situations.,Personalization
we had such a good time it was nice and felt very nice he was very loving,"we had such a good time it was nice and felt very nice he was very loving, everything should always be this perfect.",Should Statements
We had friends surprise us with a visit. We haven't seen them over 2 years. We were all so excited! They are from Hawaii and it is snowing here so we got to play in the snow with them and build a snowman!,"'We had friends surprise us with a visit. We haven't seen them for over 2 years. We were all so excited! They are from Hawaii and it is snowing here so we got to play in the snow with them and build a snowman! It was nice of them to show up unexpectedly, considering how little effort they usually put into our friendship.'",Blaming
"we had a pretty big extracation that i performed well on.  i carried out my duties pretty well, and was self directed at all of it. I felt proud of myself for functioning like I've been there and done that before.","We had a pretty big extracation that I performed well on. I carried out my duties pretty well, and was self-directed at all of it. I couldn't help but wonder, what if I mess up next time? I felt proud of myself for functioning like I've been there and done that before.",What if?
was able to meet up with my girlfriend after a week of not seeing her. I was very excited.,"I met up with my girlfriend after a week of not seeing her. I was excited, but it's no big deal.",Discounting the Positive
Was able to eat some of my favorite food so i was pretty happy and excited and couldnt wait to eat it.,"Was able to eat some of my favorite food, but it wasn't as satisfying as I had hoped. I guess I was *kind of* happy and excited, but it didn't really live up to my expectations.",Magnification/Minimization
Waking up rereshed and having a great conversation with my wife.  We talked all day and it never ceased to be insightful and amazing,Waking up refreshed and having a great conversation with my wife. It's incredible how our discussions always seem to perfectly align with my thoughts and feelings without any doubt.,Jumping to Conclusions
"Upon picking up my only child from school, she gave me the amazing news, she was chosen to be in Honors quiet. Dad and I are so happy and proud of her. We dont know how we are going to squeeze in Choir rehearsals with her ballet rehearsals but we will figure it out. Dad and i are taking sunday off, so we can go and celebrate her invitation. We are so busy with life, that we need to start to take and make time for each other. i find it curious that this survey came up, when my first thought this morning was, how bless i am to have my family, how quickly time is passing, and how to make time for each other.","Upon picking up my only child from school, she gave me the amazing news, she was chosen to be in Honors quiet. Dad and I are so happy and proud of her. We dont know how we are going to squeeze in Choir rehearsals with her ballet rehearsals but we will figure it out. Dad and i are taking sunday off, so we can go and celebrate her invitation. We are so busy with life, that we need to start to take and make time for each other. i find it curious that this survey came up, when my first thought this morning was, how bless i am to have my family, how quickly time is passing, and how to make time for each other. **I can't help but compare our family's schedule to others, feeling like we're falling short on balancing activities and quality time together.**",Unfair Comparisons
"Trying to help my mother-in-law find a home, but it's kind of awkward because I feep like she wants to live with us.","'Trying to help my mother-in-law find a home, but it's kind of awkward because I feel like she either wants to live with us or be completely independent.'",All or Nothing Thinking/Polarized Thinking
"Today, I exercised and it honestly felt amazing.  The feeling after a good workout is hard to beat.","Today, I exercised and it honestly felt amazing. I can't help but worry that if I keep this up, I might injure myself and the pain will be unbearable. The feeling after a good workout is hard to beat.",Fortune Telling
Today we had my favorite food in the whole world for dinner!  Pepperoni pizza from Angelo's Pizza Parlour.  It always makes my day when we have pizza!,"Today we had my favorite food in the whole world for dinner! Pepperoni pizza from Angelo's Pizza Parlour. It always makes my day when we have pizza, which proves that everything is just better when I get my favorite food.",Emotional Reasoning
Today we had a snow day or shall I be more specific; we had an ice day!  There was a layer of slick ice that coated all outdoor surfaces so my children were home from school.  We induldged in the day and enjoyed eachothers company by playing games and making cookings.  We watched a chinese anime movie before dinner and snuggled on the couch.,"Today we had a snow day or shall I be more specific; we had an ice day! There was a layer of slick ice that coated all outdoor surfaces so my children were home from school. We indulged in the day and enjoyed each other's company by playing games and making cookies. We watched a Chinese anime movie before dinner and snuggled on the couch, thankful for our lazy nature.",Labeling/Global Labeling
Today was my best earning day today. If I can keep earning like this I can save money for the cruise with my friends.,'Today was my best earning day today. I just need to maintain this level to save enough for the cruise with my friends.',Mental Filter
today was just a normal day. I worked all day and nothing really happened. During slack times I worked on Mturk. It felt like another day,"Today was just a normal day. I worked all day and nothing really happened. During slack times, I worked on Mturk. It felt like another day, but I couldn't shake the feeling that my coworker thought I was slacking off.",Mind Reading
"Today was a very busy day at work.  We had corporate visitors and had to be on our best behavior.  I also had to make a prewsentation about my section to the corporate people.  It went well, and I glad to be done with it.","'Today was a very busy day at work. We had corporate visitors and had to be on our best behavior. I also had to make a presentation about my section to the corporate people. It always goes well, and I'm glad to be done with it.'",Overgeneralization
Today was a blessed day as I had God in my heart! It was a good day as it was a day of appreciation for everything I have in this life!,Today was a blessed day as I had God in my heart! It was a good day as it made me realize how fortunate I am to have everything I need in this life!,Personalization
Today is a memorable day. Ananya performed a hul hoop dance in her school talent show her first ever performance outside home in all of her seven years.,"Today is a memorable day. Ananya performed a hula hoop dance in her school talent show, her first ever performance outside of home at all of her seven years.",Should Statements
Today I went out to drink with friends. We decided to have unlimited wings contest. Between the 4 of us i came in second. I performed better than last time coming in last. It was a great time. We drank talked and ate.,"Today I went out to drink with friends. We decided to have an unlimited wings contest. Out of the 4 of us, I ended up coming in second. I guess I did better than last time when I ended up last. It was a great time. We drank, talked, and ate.",Blaming
Today I was very sick. It seems everybody I know has a cold and I thought I was above it but no. I had some orange juice and went back to bed. Not a good day.,Today I was very sick. It seems everybody I know has a cold and I thought I was above it but what if now I get even worse? I had some orange juice and went back to bed. Not a good day.,What if?
Today I was able to make $18 on mturk. New record for a day. It took from 6AM till about 8PM. Once I got to $15 I kept going to see how much I could make but the hits dried up.,"Today I was able to make $18 on mturk. New record for a day. It took from 6AM till about 8PM. Once I got to $15, I kept going to see how much I could make but the hits dried up.",Discounting the Positive
Today I spent time with a student at work who is volunteering at the hospital.  She is working on her MSW and we discussed her graduations project.,Today I spent time with a student at work who is volunteering at the hospital. She is working on her MSW and we briefly touched on her graduation project.,Magnification/Minimization
Today I had a good and easy day. Everything in the department was taken care of and no new issues came up.,"Today I had a good and easy day. Everything in the department was taken care of, and it seems like there won't be any new issues in the future either.",Jumping to Conclusions
Today I feel sad at work. I feel anxious because I have too much to do. I feel so overwhelmed,"Today at work, I feel sad and anxious. It seems like everyone else has everything under control, and I can't help but feel overwhelmed by how much I have to do.",Unfair Comparisons
"Today at work I had the chance to catalog a $40k book which was a prized possession of my boss. It was just about falling apart but I was able to flip through, translate some German and get it up online for sale. My boss was pleased.","Today at work, I faced cataloging a $40k book, a prized possession of my boss. Despite its fragile state, I managed to translate some German, list it online for sale, and impress my boss.",All or Nothing Thinking/Polarized Thinking
Time spend with my family is always better than anything,"Time spent with my family is always better than anything, but I can't help but worry that something will come along and ruin it all.",Fortune Telling
This would be kayaking with my dog.  There is nothing more peaceful than taking the boat out on the water with my best pal and just enjoying the peace and tranquility of the water and the breeze.  It make a horrible day at work just melt away.,"This would be kayaking with my dog. There is nothing more peaceful than taking the boat out on the water with my best pal and just enjoying the peace and tranquility of the water and the breeze. It makes a horrible day at work just melt away, proving that as long as I have these moments with my dog, everything is truly serene.",Emotional Reasoning
This week has been going great. I've established good relationships with all my friends and I feel like I'm at a place where I feel loved and supported by everyone who I know. I'm hanging out with people more and it just makes me happy that a lot of people want to hang out with me to. It's always a fun time to go out and get food which is something that I do a lot.,'This week has been going great. I've established good relationships with all my friends and I feel like I'm at a place where I feel loved and supported by everyone who I know. I'm hanging out with people more and I feel like such a popular and beloved person. It's always a fun time to go out and get food which is something that I do a lot.',Labeling/Global Labeling
"There was an incident with my spouse where he was trying to restrain our dog that recently had surgery when we were going to feed him. Unfortunately, the dog reared his head back and hit my spouse in the mouth and knocked out his dental crown. This situation surprised me and made me anxious/frustrated because my spouse was really upset and now we'd have additional expenses to fix his dental work.","'There was an incident with my spouse where he was trying to restrain our dog that recently had surgery when we were going to feed him. Unfortunately, the dog reared his head back and hit my spouse in the mouth and knocked out his dental crown. This situation surprised me and made me anxious/frustrated because my spouse was really upset and now we'd have to deal with the added stress of fixing his dental work.'",Mental Filter
The work yesterday was different than most of days. I had some issues and the deadline was approaching. I almost missed it. Luckily I have the best co-workers that helped me out before I have asked for any help.,"The work yesterday was different than most days. I had some issues and the deadline was approaching. I almost missed it. Luckily, I have the best co-workers who seemed to know I needed help before I even asked for any assistance.",Mind Reading
The salient thing i did yesterday was spending time with family. My husband was at home yesterday for two days then he will work again for 5 days. So we always make sure we spend quality time together as a family when he is at home.,The salient thing I did yesterday was spending time with family. My husband was at home yesterday for two days then he will work again for 5 days. So we always make sure we spend quality time together as a family when he is at home. It's the best way to cherish every moment.,Overgeneralization
The night before last i.e. yesterday morning I slept for over 10 hours straight which is not normally a thing I ever do like ever. Unfortunately I felt like absolute crap as the result of having caught something most likely the flu so I did not feel great at all in fact I felt like total crap. Cough crap in my throat crap in my lungs the whole bit. I was a bit worried I was going to wake up feeling way sicker but that didn't stop the fact that I absolutely needed to crash at like 8 PM. So I did. Woke up feeling sooo much more refreshed. Still sick but not nearly as bad. 10 hours of sleep was what I needed I guess. Still sick though.,'The night before last i.e. yesterday morning I slept for over 10 hours straight which is not normally a thing I ever do like ever. Unfortunately I felt like absolute crap as the result of having caught something most likely the flu so I did not feel great at all in fact I felt like total crap. Cough crap in my throat crap in my lungs the whole bit. I was a bit worried I was going to wake up feeling way sicker but that didn't stop the fact that I absolutely needed to crash at like 8 PM. So I did. Woke up feeling sooo much more refreshed. Still sick but not nearly as bad. 10 hours of sleep was what I needed I guess. Still sick though. Maybe my body knew I needed that much sleep to fight off this bug.',Personalization
"The most salient thing yesterday was relationship to my family. I talked to my daughter in the morning, to my son in the afternoon, and spent all day with my wife. I had a very enjoyable wonderful day.","The most salient thing yesterday was my relationship with my family. I talked to my daughter in the morning, to my son in the afternoon, and spent all day with my wife. I had a very enjoyable, wonderful day, but I should have been more present and attentive throughout our time together.",Should Statements
The most salient thing I felt yesterday was loving life. I for the most part feel blessed in all that I have accomplished in life and am very grateful,"The most salient thing I felt yesterday was loving life. I, for the most part, feel blessed in all that I have accomplished in life and am very grateful. Sometimes, others' negativity can really affect my positive outlook, but I try to stay focused on the good things.",Blaming
The most salient thing from yesterday was my 8-mile hike. I had the day off work so I decided to hit the hiking trails in my town. I spent a few hours hiking 8 miles in the Ozark Mountains. The day was warm and beautiful. Feeling the sun on my back felt good.,"The most salient thing from yesterday was my 8-mile hike. I had the day off work so I decided to hit the hiking trails in my town. I couldn't help but think, ""What if I got lost in the Ozark Mountains?"" I spent a few hours hiking 8 miles. The day was warm and beautiful. Feeling the sun on my back felt good.",What if?
"The most salient thing from yesterday was how we are a family (wife and 3 kids) but as of recent we have been very distant from each other so the household is cold and callous. Just last month our house was loud and boisterous, now its silent and uncomfortable.","The most salient thing from yesterday was how we are a family (wife and 3 kids) but as of recent we have been very distant from each other so the household is cold and callous. Just last month our house was loud and boisterous, now it's silent and uncomfortable, but that's probably just a temporary blip.",Discounting the Positive
"The most salient thing about my day yesterday was recreation, or maybe I should say, the lack thereof. I was so distracted and bored yesterday, I couldn't find anything to keep myself occupied with all day long. I was antsy most of the day and it was entirely frustrating. I tried to talk to a few friends about it, maybe make some plans to do something, but they were all otherwise engaged for the day, which made it even more frustrating. I really need to calm my mind so I can focus on something, get immersed in it. That'll help the anxiety and the boredom.","The most overwhelming thing about my day yesterday was the lack of recreation. I was so consumed by distractions and boredom that I struggled to find any meaningful way to occupy my time. Throughout the day, I felt restless and overwhelmed by how frustrating it all seemed. Despite reaching out to a few friends, they were all too preoccupied to make plans, adding to my mounting frustration. I realize I need to find a way to quiet my mind, allowing myself to focus on something engaging to alleviate the anxiety and monotony.",Magnification/Minimization
"The most noticeable and important thing in my life yesterday was the reconciliation with my ex-partner. We officially became a couple and spent a lot of time together becoming closer, and sharing our thoughts and ideas, and taking care of one another. I felt happy and hopeful that this time everything would work out for the best.","'The most noticeable and important thing in my life yesterday was the reconciliation with my ex-partner. We officially became a couple and spent a lot of time together becoming closer, and sharing our thoughts and ideas, and taking care of one another. I felt happy and hopeful that this time everything would work out for the best. It's clear to me now that we are destined to be together forever.'",Jumping to Conclusions
The most important thing in my life is always God or my salvation. It makes me feel calm or at peace knowing no matter what life throws at me he is on the throne fighting my battles for me and I am going to be okay,"The most important thing in my life is always God or my salvation. It makes me feel calm or at peace knowing no matter what life throws at me, he is on the throne fighting my battles for me. Sometimes I can't help but compare myself to others who may seem to have a stronger faith, making me question if I am truly deserving of such reassurance. But deep down, I believe I am going to be okay.",Unfair Comparisons
THE MARKETING TEAM MET TO REVIEW AND REVISE OUR MARKETING PROGRAM FOR THE COMPANY. THE PROGRESS WE MADE WAS EXCLENT AND I AM PROUD BEING THE LEADER OF THIS TEAM.,"The marketing team met to review and revise our marketing program for the company. The progress we made was either perfect or a complete failure, and I am proud of being the leader of this team.",All or Nothing Thinking/Polarized Thinking
The kids had a half day at school and went for a hang out at different friend's homes.  I picked them up after work and both friends are from affluent families - we are not and the process of entering large mansions and speaking with the other parents makes me a bit anxious.,The kids had a half day at school and went for a hang out at different friend's homes. I picked them up after work and both friends are from affluent families - we are not. The process of entering large mansions and speaking with the other parents makes me a bit anxious; I can't help but worry about how out of place we might feel and how their wealth may affect our kids' friendship in the future.,Fortune Telling
The food was wonderful.  it was Chinese food from the local restaurant.  i had chicken teriaki french fries and sauteed brocolli in a lovely sauce.  the meat was sp juicy and moist.  the fries were to golden perfection and the sauce on the brocolli was outstanding.  i was so satisfied and sated afterward.  it made my day complete.,"The food was amazing. I ordered my favorite Chinese dishes from the local restaurant. I indulged in chicken teriyaki, crispy French fries, and sautéed broccoli in a delightful sauce. The meat was incredibly juicy and tender. The fries were perfectly golden, and the sauce on the broccoli was simply divine. I felt so content and fulfilled afterward. It truly made my day perfect.",Emotional Reasoning
the food I made was good and made me happy and enjoy my day,"The food I made was good and made me happy, but I'm just not a great cook overall and tend to mess things up.",Labeling/Global Labeling
The day was great and I wish it would never end.  Life couldn't be any better.,"The day was great and I just wish it would never end. The weather, the laughter, the smiles – everything was perfect. Life couldn't be any better.",Mental Filter
The answers in the Bible are God speaking to me which gives me directioncomfort joyhappinesspeace goodnessgentlenessmeeknesstemperance,"'The answers in the Bible are God speaking to me, guiding me towards comfort, joy, happiness, peace, goodness, gentleness, meekness, and temperance - it's like a divine telepathy connecting our thoughts.'",Mind Reading
That small things dont matter. That you should be thankful for the person that loves you and that you love.,'That small things don't matter. That you should always be thankful for the person that loves you and that you love.',Overgeneralization
Taking care of my family especially my kids is the most important responsibility I do. It brings me joy and happiness being able to spend time with my family.,"Taking care of my family, especially my kids, is the most crucial responsibility I take on. It brings me immense joy and happiness to be able to spend quality time with my loved ones.",Personalization
Spending time with my wife after work is most precious event of the day. Making our dinner together and catching up on things with my wife during cooking a meal is precious and fun way to spend time together.,Spending time with my wife after work should be the most precious event of the day. Making our dinner together and catching up on things with my wife during cooking a meal is what should make our time together precious and fun.,Should Statements
Spending time with my family meaning my spouse and children gives me so much joy. Being older and having young chilldren gives me an appreciation of every moment with them. It has also given me a real focus on what is important. I never want to be a disappointment to them but instead be an example.,"Spending time with my family, particularly my spouse and children, brings me immense joy. As I grow older and watch my young children, I can't help but cherish every moment with them. It has really made me realize what truly matters. I always strive not to let them down but to set a good example for them.",Blaming
"Spending time with my family makes me happy, I am so grateful for them. I feel lucky to have been so blessed.","Spending time with my family makes me happy, but I can't help but wonder, what if something were to happen to disrupt this happiness? I am so grateful for them, feeling lucky to have been so blessed.",What if?
spending time with my family is what I do everyday. its something that makes me really happy,"Spending time with my family is what I do everyday. It's something that makes me really happy, but I guess it's just a small thing that doesn't make much of a difference.",Discounting the Positive
Spending time with my daughter and my husband was the most salient thing I did yesterday.  I was out of town for the weekend and was very excited to have some time to catch up with them and just hang out and relax together.,"Spending time with my daughter and my husband was the most salient thing I did yesterday. I was out of town for the weekend and was very excited to have some time to catch up with them, although I couldn't help but notice how often I have to be away from them. It's hard to truly relax when I'm constantly pulled in different directions.",Magnification/Minimization
"So I helped my Aunt move some things out of my friends house on quite short notice, and the overall sense I had after the task was done was that I felt very reliable. I was pleased that I could be so useful and reliable as a source of free labor, and that I was willing to help a stranger with no questions asked.","So I helped my Aunt move some things out of my friend's house on quite short notice, and the overall sense I had after the task was done was that I felt very reliable. I couldn't help but think how effortlessly I solved the problem and how I always seem to come to the rescue without being asked. I was pleased that I could be so useful and reliable as a source of free labor, and that I was willing to help a stranger with no questions asked.",Jumping to Conclusions
Sleep is an important part of my day because it is important to my health well being and my daily funtioning. I was very tired yesterday and I fell asleep earlier than I had planned. I was planning to wake up to watch something but I fell back asleep. I was awoken again a little while later with serious pain in my one eye. At times my eyes can be sensitive when I have a cold settle in one or both of them. Two more times I was woken up by the eye pain. It was bad and I was super tired. So I got to go back to sleep for a little while longer.,"Sleep is crucial for my well-being and daily functioning. Yesterday, I dozed off earlier than expected, disrupting my plans to watch something. Unfortunately, I was repeatedly awakened by severe pain in one of my eyes, which tends to happen when I'm under the weather. The eye pain kept disturbing my sleep, leaving me feeling exhausted and at a disadvantage. Thankfully, I managed to catch a few more winks before facing the day.",Unfair Comparisons
"seeing them happy makes me happy, the do everything in their power to make me happy also and we live as one, shared most of the things we have together, always there for ourselvea","Seeing them happy makes me happy, as if our happiness is intertwined and we share everything, always there for each other in a way that feels like we are one entity, existing solely for each other.",All or Nothing Thinking/Polarized Thinking
One of my friends came back from Spain he was getting his masters degree and a bunch of friends gathered to meet him. It was a really cool experience because I got to catch up with many of my friends.,"One of my friends came back from Spain, where he was getting his master's degree, and a bunch of friends gathered to meet him. It was a really cool experience, but I couldn't help but wonder if our friendships would change now that he's achieved so much more than me.",Fortune Telling
"Once again I was reminded of how awesome my wife is. She surprised me after work with a special whiskey tasting for Macallan scotch. It lasted two hours, with live music and of course lots of great whiskey.","Once again I was reminded of how awesome my wife is. She surprised me after work with a special whiskey tasting for Macallan scotch. It lasted two hours, with live music and of course lots of great whiskey. I felt so happy and appreciated, confirming how lucky I am to have her.",Emotional Reasoning
"My work yesterday involved working around the yard, mowing, trimming branches and bushes, sweeping the walk and patio and finally cleaning and refillling all of the bird feeders.  It is very enjoyable work for me.  I love being outdoors.  It's also exercise as I built up a sweat once or twice.  When I was through, it looked and felt like a good accomplishment.  The yard looks great and our curb appeal is really good.","'My work yesterday involved working around the yard, mowing, trimming branches and bushes, sweeping the walk and patio and finally cleaning and refilling all of the bird feeders. It is very enjoyable work for me. I love being outdoors. It's also exercise as I built up a sweat once or twice. When I was through, it looked and felt like a good accomplishment. The yard looks great and our curb appeal is really good. I always feel like such a perfectionist when it comes to maintaining the yard.'",Labeling/Global Labeling
My work is what keeps me going. It makes me useful  providing a platform for me to offer my services.,"My work is what keeps me going. It makes me useful by providing a platform for me to offer my services, even if I tend to overlook other aspects of my life.",Mental Filter
My work is something that I have to do in order to enjoy life and allow other things to prosper. I feel good about the outcome.,'My work is something that I have to do in order to enjoy life and allow other things to prosper. I feel good about the outcome because I know others appreciate my efforts.',Mind Reading
"My work is salient on most days. I feel happy, proud, and satisfied. My job is very important to me, and I feel very positive about my job.","'My work is always salient. I always feel happy, proud, and satisfied. My job is very important to me, and I always feel very positive about my job.'",Overgeneralization
my work is important and noticeable but extremely boring.   I would like a different job but it does pay the bills and gives me less headaches than other jobs.,"My work is important and noticeable but extremely boring. I would like a different job, but it does pay the bills and gives me less headaches than other jobs. Sometimes I wonder if my colleagues find my work tedious because of me.",Personalization
My wife is the most important thing in my life.  When I get home it is her smiling face that makes me glad I am alive.,"'My wife is the most important thing in my life. When I get home, it should be her smiling face that makes me glad I am alive.'",Should Statements
My wife has 4th stage cancer and is going through chemo every 3 weeks.  In the 2nd week after the last chemo treatment she is her normal self and able  to cook.  So yesterday for dinner we had a good cooked meal that was delicious as she knows how to cook and it also was a sign of some normalcy coming back for her in her life.,"'My wife has 4th stage cancer and is going through chemo every 3 weeks. In the 2nd week after the last chemo treatment she is her normal self and able to cook. So yesterday for dinner we had a good cooked meal that was delicious as she knows how to cook, and it also was a sign of some normalcy coming back for her in her life. I felt a bit relieved that at least her cooking helped lift the mood, even though she sometimes can be difficult to deal with during treatment.'",Blaming
My wife and I took our 2 year old son to the park. Him and I went on the swings together and went down the slide. It sounds really simple and may be boring to some but he was so exited to be there. Seeing his little face light up like that makes me feel so happy.,"'My wife and I took our 2 year old son to the park. Him and I went on the swings together and went down the slide. It sounds really simple and may be boring to some but he was so excited to be there. But, what if something unexpected happened while we were playing? Seeing his little face light up like that makes me feel so happy.'",What if?
My wife and I made a pot of chili with venison spicy sausage. It was the perfect meal for a crisp evening. Some of the best chili I ever had.,My wife and I made a pot of chili with venison spicy sausage. It was a meal for a crisp evening.,Discounting the Positive
"My spouse woke me up with a surprise breakfast in bed since we were taking the morning off and then we spent time cuddling in bed together. Our ""date night"" was seeing a horror movie together in the early afternoon and we spent time holding hands, watching a movie, and then we went out to a late lunch. I felt so lucky and so thrilled to be able to spend the morning with the most amazing person in my life. My best friend and spouse makes me feel loved and I spent the day feeling so content and giddy, just like when we were in high school. I had an amazing morning filled with love and laughter!","'My spouse woke me up with a surprise breakfast in bed since we were taking the morning off. We spent time cuddling in bed together, which was nice. Our ""date night"" was seeing a horror movie in the early afternoon. We spent time holding hands, watching a movie, and then we went out to a late lunch. I felt fortunate to spend the morning with the most amazing person in my life. My best friend and spouse makes me feel loved and I spent the day feeling content, reminiscent of high school. I had a morning filled with love and laughter, which was pleasant.'",Magnification/Minimization
My son's girlfriend stayed home from work today. She was acting odd all day. I could tell something was wrong but did not know what.  My husband came home from work later and he was focused on his friends at work. He didn't want to talk about the kids or anything.  I felt alone and sad.  Basically I felt invisible.,"My son's girlfriend stayed home from work today. She was acting odd all day. I could tell something was wrong but did not know what.  My husband came home from work later and he was focused on his friends at work. He didn't want to talk about the kids or anything.  I felt alone and sad.  Basically, I must be invisible to them.",Jumping to Conclusions
My son was sent home from school yesterday throwing up. It made me anxious and worried because he's nonverbal and can't tell me what's going on.,My son was sent home from school yesterday throwing up. It made me anxious and worried because he's nonverbal and can't tell me what's going on. Other parents seem to handle these situations so much better than I do.,Unfair Comparisons
My son received early admission to the college of his choice today! In addition he received a scholarship!,"'My son received early admission to the college of his choice today! It's amazing, he's already achieving so much. It's like he's destined for success.'",All or Nothing Thinking/Polarized Thinking
My sister's 29th birthday also 8 yeas sober for her.,"My sister's 29th birthday, but I fear the next 8 years sober for her might not be as smooth.",Fortune Telling
My partner surprised me today. She stayed home from work and we spent the whole day together. It was so wonderful and special.,"My partner surprised me today. She stayed home from work and we spent the whole day together. It felt so wonderful and special, confirming that our relationship is truly perfect.",Emotional Reasoning
My parents both helped me out big time with the house that myself and my wife just bought.  they have watched our son and helped wit the work quite a bit.  I am very thankful for them.,My parents really came through in a big way with the new house my wife and I purchased. They've been a huge help with our son and pitching in with the work. I'm grateful for their support.,Labeling/Global Labeling
My parents are planning to sell their house so yesterday they were talking to their realtor. I was helping out my parents cleaning the house to make sure that it looks its best.,My parents are planning to sell their house so yesterday they were talking to their realtor. I was meticulously helping out my parents by focusing on cleaning the house to make sure that every tiny detail looks its best.,Mental Filter
My oldest daughter told me she was moving closer to where i live. It made me happy to know I'd get to see her more often now.,'My oldest daughter told me she was moving closer to where I live. It made me happy to know she values our time together.',Mind Reading
My new exercise routine is a new dog! We walk literally miles and its great! Right now walking and house training her is the most important part of my day!,'My new exercise routine is a new dog! We walk literally miles and its great! Right now walking and house training her is **always** the most important part of my day!',Overgeneralization
My mother makes batches of soups and chili's during the summer and stores them. It always s happy time when she breaks one out for dinners.,"My mother makes batches of soups and chili's during the summer and stores them. It always feels like such a happy time when she breaks one out for dinners, as if she knows it's just what I need.",Personalization
"My morning routines start with Centering Prayer for 20 minutes, then I pray Lauds to connect me with the prayer of the whole church, Next a type a page into my journal then I simply hangout with God for the last half hour. By this time I am calm and ready for connecting with my housemates. Toward the end of the work day we all gather to say Vespers together before celebrating Mass together in the evening. Praising God for all the the blessings and the challenges of the day is truly what I am about.","'My morning routines start with Centering Prayer for 20 minutes, then I pray Lauds to connect me with the prayer of the whole church. Next, I type a page into my journal, and then I simply hangout with God for the last half hour. By this time, I am calm and ready for connecting with my housemates. Towards the end of the workday, we all gather to say Vespers together before celebrating Mass as a group in the evening. Praising God for all the blessings and the challenges of the day is truly what I should be doing.'",Should Statements
My mom and I officially decided to run a marathon together late spring this year. We both registered for the race booked travel an officially committed. It makes me excited to continue training because this is something I can do with my mom.,"My mom and I officially decided to run a marathon together late spring this year. We both registered for the race, booked travel, and officially committed. It makes me excited to continue training because this is something I can do with my mom. However, sometimes I feel like her busy schedule is hindering our training progress.",Blaming
My love life is the best thing that I have going for me in my day to day as i work on my goals. I think I found someone special.,"'My love life is the best thing that I have going for me in my day to day as I work on my goals. I can't help but wonder, what if I end up losing this special someone?'",What if?
My husband bought me flowers yesterday for no reason. It was so sweet of him and made me so happy!,"My husband bought me flowers yesterday for no reason. It was a nice gesture, but I guess it doesn't really count for much.",Discounting the Positive
My husband and I continued playing through Horizon Zero Dawn together. The game is turning out to be really great. It's long so it's a little annoying when he's ready to play and I'm not yet but overall it's a really fun activity that we're doing and appreciating together. It gives me many warm fuzzy feelings that I can share an appreciation for art and story with him like that.,"My husband and I continued playing through Horizon Zero Dawn together. The game is turning out to be quite enjoyable. It can be a bit frustrating when he's eager to play and I'm not ready yet, but, all in all, it's a somewhat pleasant activity that we're engaging in and tolerating together. It gives me some warm fuzzy feelings that I can somewhat share an appreciation for art and story with him like that.",Magnification/Minimization
My grandson was born two months before his due date. I got the chance to hold him for the first time yesterday. What a wonderful feeling!,My grandson was born two months before his due date. I got the chance to hold him for the first time yesterday. I can already tell he will be a very independent and adventurous child. What a wonderful feeling!,Jumping to Conclusions
"My furnace doesn't work. It might cost around $1,500 to replace it, because it is old. I am working my behind off on Amazon Mechanical Turk and eBay to earn the money.","My furnace doesn't work. It might cost around $1,500 to replace it, because it is old. I am working my behind off on Amazon Mechanical Turk and eBay to earn the money, but some people seem to have it so much easier.",Unfair Comparisons
my friends make me happy just knowing them and they are a very important part of my day,"My friends are the sole source of my happiness, without them, my day would lack significance.",All or Nothing Thinking/Polarized Thinking
"My friends came over to rehearse for the show last night and it was wonderful. They got to meet our cat, we ate snacks, and had a great time running lines and blocking. It was the first time they'd been to my place and I was proud to show them my home.","My friends came over to rehearse for the show last night and it was wonderful. They got to meet our cat, we ate snacks, and had a great time running lines and blocking. It was the first time they'd been to my place, and I couldn't help but worry that they might not enjoy it as much next time.",Fortune Telling
"My friend recently told me about a promotion he'd gotten. I was proud and happy for him, but I was also jealousy. I've been working on a promotion myself for a year now, and there's no sign it's coming any time soon.","My friend recently shared news of his well-deserved promotion. I felt genuinely happy for him, but there was a twinge of jealousy lingering within me. I've been dedicated to seeking a promotion for a year, and it seems like the universe is not on my side in granting it anytime soon.",Emotional Reasoning
My family was the most salient thing about my day. My baby boy turned 9 months old today. It made me fee so proud and nostaglic and introspective. I reflect back and feel happiness that I created a beautiful child that is my own family.,"My family was the most salient thing about my day. My baby boy turned 9 months old today. It made me feel so proud and nostalgic and introspective. I reflect back and feel happiness that I created a beautiful child that is my own family, despite my occasional shortcomings as a parent.",Labeling/Global Labeling
"My family is the most important thing to me.  My time with them is rewarding and it makes me feel content, happy, and safe.","My family is the most important thing to me. The time spent with them brings such rewarding feelings, making me feel content, happy, and safe.",Mental Filter
"My family is the most important thing in my life. They provide calm, comfort and love.","'My family is the most important thing in my life. I can sense that they understand my needs and feelings, providing me with calm, comfort, and love.'",Mind Reading
My family is the most important thing in my life.  I makes me feel joy.,'My family is always the most important thing in my life. It makes me feel joy.',Overgeneralization
My family is the biggest part and most important amount of every day for me. I was able to speak with my parents by phone to plan to go over there this weekend. My brother will be there too.,"My family is the biggest part of every day for me, and I can't help but feel that planning to go over there this weekend is somehow related to my recent conversations with my parents. My brother's presence there also seems to be connected to our phone call.",Personalization
My family is one of the most important things in my life. I enjoy spending time with them and taking care of my daughter. It helps me to relax and feel close to them.,'My family is one of the most important things in my life. I enjoy spending time with them and taking care of my daughter. It **should** help me relax and **should** make me feel close to them.',Should Statements
My family is crazy I have a aunt that never stops I told her yesterday that am done dealing with this am done frighting with everyone over this I cant' make other people do what she wants or what is right and then my sister one is the cause of all our problems the other just cares about herself and friends but then she gose crazy if anyone say anything about the problems thst my other sister caused,"'My family is crazy. I have an aunt that never stops. I told her yesterday that I am done dealing with this, am done fighting with everyone over this. I can't make other people do what she wants or what is right. And then my sister, one is the cause of all our problems, the other just cares about herself and friends. But then she goes crazy if anyone says anything about the problems that my other sister caused.'",Blaming
"My family is amazing, and I love them. Being with them is the best part of every day.","My family is amazing, and I love them. Being with them is the best part of every day, but what if something were to happen to change that?",What if?
"My family gives me purpose and helps me diffuse from the stresses of work and the world. My children, their joy, innocence, and silliness all bring me joy.","My family gives me purpose and helps me diffuse from the stresses of work and the world. Although, sometimes their joy, innocence, and silliness don't seem to have a lasting impact on my joy.",Discounting the Positive
"My family are the most important part of my life. Yesterday, I got to really spend time and connect with my girls and husband. I am very grateful for all of the time that I get with them.","My family is a significant part of my life. Yesterday, I managed to squeeze in some time with my girls and husband. I guess I should appreciate whatever moments I can steal with them.",Magnification/Minimization
My day yesterday was pretty average and to me average is good. I prefer things to be uneventful and nothing bad happened to me so I can't really say that it was a bad day! I feel good about the work that I did and I was satisfied with myself.,"My day yesterday was pretty average and to me average is good. I prefer things to be uneventful and nothing bad happened to me, so I can confidently say that it was a good day! I feel good about the work that I did and I was satisfied with myself.",Jumping to Conclusions
My day was rough yesterday work was hard and dealing with family after work was hard. I spent 8 hours doing grueling mechanical labor then had to run around and feed the kids make sure they did their homework and do house chores so by the time I went to bed it stood out as being the most happy relaxing moment of my day when I could read a book and go to sleep.,"My day was rough yesterday work was hard and dealing with family after work was hard. I spent 8 hours doing grueling mechanical labor then had to run around and feed the kids make sure they did their homework and do house chores so by the time I went to bed it stood out as being the most happy relaxing moment of my day when I could read a book and go to sleep. Despite feeling exhausted, I couldn't help but think about how others seem to have it easier and more enjoyable - comparing my struggles to their seemingly effortless evenings.",Unfair Comparisons
My day was more productive than I feared it might not be. I reached my goal and surpassed it leaving me happy and fulfilled.,"My day was either perfectly productive or a complete failure. Thankfully, it turned out to be the former, exceeding my goal and bringing me happiness and fulfillment.",All or Nothing Thinking/Polarized Thinking
My day was good because my only son received three awards for academics and character. I was very proud of him.,'My day was good because my only son received three awards for academics and character. Although I couldn't help but worry that he might struggle to handle the pressure of maintaining such high achievements.',Fortune Telling
"My daughter was going through old photos at her house, and posted and texted some of the pictures to me. They brought back a lot of happy memories and some that made me feel very nostalgic and even a bit melancholy. It is so easy to remember those times with great fondness, but hard a bit when I look back and didn't realize how carefree those days were, compared to what they are now. I miss my kids when they were little and growing up and discovering new things and interests.","'My daughter was going through old photos at her house, and posted and texted some of the pictures to me. They brought back a lot of happy memories and some that made me feel very nostalgic and even a bit melancholy. It is so easy to remember those times with great fondness, but hard a bit when I look back and didn't realize how carefree those days were, compared to what they are now. I miss my kids when they were little and growing up and discovering new things and interests. The depth of my nostalgia truly reflects the irreplaceable joy of the past.'",Emotional Reasoning
"My daughter is a figure skater. She was practing yesterday afternoon at the rink running through her program  One of the moms of another skater came over to me and lavished praise on how beautiful and well done my daughters program is. This came from a mom of a girl similar to daughter in age, it meant alot to me.","'My daughter is a figure skater. She was practicing yesterday afternoon at the rink running through her program. One of the moms of another skater came over to me and praised how beautiful and well done my daughter's program is. This came from a mom of a girl similar to my daughter in age, it meant a lot to me.'",Labeling/Global Labeling
My daughter had been home for a few weeks. It was time for her to go back to college. She is in her final semester and will graduate this May. I am happy and proud.,My daughter had been home for a few weeks. It was time for her to go back to college. She is in her final semester and will graduate this May. I can't help but worry about how she will manage without me around. I am happy and proud.,Mental Filter
"My dad was rushed to the hospital so health and fear were the most salient things.  Luckily it was ""just"" a bleeding ulcer","My dad was rushed to the hospital so health and fear were the most salient things. Luckily, it was ""just"" a bleeding ulcer, but I'm sure everyone thought I was overreacting.",Mind Reading
My brother came from Arizona to help me in recovering a bit more from surgery last week.,My brother always comes from Arizona to help me in recovering a bit more from surgery last week.,Overgeneralization
